planet_name,host_star,star_temperature_K,stellar_radius_solar,stellar_mass_solar_masses,stellar_metallicity,planet_type,planet_mass_earth,planet_radius_earth,stellar_flux_earth,surface_temperature_K,orbital_period_days,distance_light_years,planet_age_gigayears,earth_similarity_index
GJ 1002 b,GJ 1002,3024.0,0.137,0.12,-0.25,M Warm Terran,1.08,1.03,0.673236416803487,260.5958054292739,10.3465,15.8142281252,4.0,0.8615154553633029
GJ 1002 c,GJ 1002,3024.0,0.137,0.12,-0.25,M Warm Terran,1.36,1.1,0.2581590037033207,205.067737602367,21.202,15.8142281252,4.0,0.5817152529716992
GJ 1061 c,GJ 1061,2953.0,0.156,0.12,-0.08,M Warm Terran,1.74,1.18,1.448571317858297,310.4958039055941,6.689,11.9789923368,7.0,0.8579105793021902
GJ 1061 c,GJ 1061,2953.0,0.156,0.12,-0.08,M Warm Terran,1.74,1.18,1.448571317858297,310.4958039055941,6.689,11.9789923368,7.0,0.8579105793021902
GJ 1061 d,GJ 1061,2953.0,0.156,0.12,-0.08,M Warm Terran,1.64,1.16,0.686780310851125,246.5756326354671,13.031,11.9789923368,7.0,0.8586351119602917
GJ 1061 d,GJ 1061,2953.0,0.156,0.12,-0.08,M Warm Terran,1.64,1.16,0.686780310851125,246.5756326354671,13.031,11.9789923368,7.0,0.8586351119602917
GJ 163 c,GJ 163,5589.0,0.9583,0.96,0.017,M Warm Superterran,6.8,2.5,1.251825186720362,303.7456203463058,25.63058,49.34251046,6.0,0.6868069550849005
GJ 180 c,GJ 180,3371.0,0.9583,0.43,0.017,M Warm Superterran,6.4,2.41,0.7844885952402295,270.3400124979786,24.329,38.945309492,4.0,0.695402745630364
GJ 180 d,GJ 180,5589.0,0.9583,0.43,0.017,M Warm Superterran,7.56,2.66,0.2602443980990179,204.7205672802464,106.3,38.945309492,4.0,0.475466399218914
GJ 229 A c,GJ 229,5589.0,0.9583,0.58,0.017,M Warm Superterran,8.58137,2.87,0.4370866808747376,227.7645573585606,121.93268,18.7743221344,0.4,0.560159894288723
GJ 229 A c,GJ 229,5589.0,0.9583,0.509,0.017,M Warm Superterran,8.58137,2.87,0.4370866808747376,227.7645573585606,121.93268,18.7743221344,0.4,0.560159894288723
GJ 273 b,GJ 273,3382.0,0.293,0.29,0.09,M Warm Terran,2.89,1.51,1.064476588746966,291.6700194895948,18.6498,12.34846216290474,4.0,0.8546375895745704
GJ 3293 d,GJ 3293,3466.0,0.404,0.42,0.02,M Warm Superterran,7.6,2.67,0.5885926980570722,251.3040314294288,48.1345,65.851874868,4.0,0.6297766025524363
GJ 357 d,GJ 357,3505.0,0.337,0.342,-0.12,M Warm Superterran,6.1,2.34,0.3825953304140644,226.2613829674902,55.661,30.7950298236,4.0,0.5755175196683111
GJ 367 d,GJ 367,3522.0,0.458,0.455,-0.01,M Warm Superterran,6.03,2.33,1.145208998867472,296.5086154194831,34.369,30.6998575028,4.0,0.7135547188279516
GJ 433 d,GJ 433,5589.0,0.9583,0.48,0.017,M Warm Superterran,5.223,2.14,1.059806630466422,291.6300979381335,36.059,29.5646063136,4.0,0.742460049806399
GJ 514 b,GJ 514,3728.0,0.5,0.51,-0.14,M Warm Superterran,5.2,2.13,0.2700907757332474,198.9284556040379,140.43,24.8458465368,0.8,0.5201008375321021
GJ 667 C c,GJ 667 C,3650.0,0.9583,0.96,0.017,M Warm Superterran,3.8,1.77,0.8775398558709887,278.4259152810632,28.14,23.6266101776,2.0,0.7981014007944902
GJ 667 C c,GJ 667 C,3650.0,0.9583,0.96,0.017,M Warm Superterran,3.8,1.77,0.8775398558709887,278.4259152810632,28.14,23.6266101776,2.0,0.7981014007944902
GJ 667 C c,GJ 667 C,5589.0,0.9583,0.96,0.017,M Warm Superterran,3.8,1.77,0.8775398558709887,278.4259152810632,28.14,23.6266101776,2.0,0.7981014007944902
GJ 667 C c,GJ 667 C,3350.0,0.9583,0.33,-0.55,M Warm Superterran,3.8,1.77,0.8775398558709887,278.4259152810632,28.14,23.6266101776,2.0,0.7981014007944902
GJ 667 C e,GJ 667 C,3350.0,0.9583,0.33,-0.55,M Warm Terran,2.7,1.45,0.3022231093474442,213.2921445072652,62.24,23.6266101776,2.0,0.5994658440247006
GJ 667 C f,GJ 667 C,3350.0,0.9583,0.33,-0.55,M Warm Terran,2.7,1.45,0.5635679978950997,249.2233830204183,39.026,23.6266101776,2.0,0.763729929492645
GJ 682 b,GJ 682,3028.0,0.9583,0.27,0.017,M Warm Superterran,4.4,1.93,0.3134831734758324,215.0089377540992,17.478,16.3296850676,4.0,0.5676058263379796
HD 216520 c,HD 216520,5103.0,0.76,0.82,-0.16,K Warm Superterran,9.44,3.03,1.276091475504485,304.9412596785313,154.43,63.77002112,6.0,0.6336328430066284
HD 40307 g,HD 40307,4956.0,0.9583,0.77,-0.31,K Warm Superterran,7.1,2.56,0.6664590500042545,255.7196682856674,197.8,42.19251862799999,4.5,0.6593528035498593
HD 40307 g,HD 40307,4867.44,0.716684,0.79,-0.3231,K Warm Superterran,7.1,2.56,0.6664590500042545,255.7196682856674,197.8,42.19251862799999,4.5,0.6593528035498593
HIP 38594 b,HIP 38594,5589.0,0.9583,0.61,0.017,M Warm Superterran,8.1,2.77,1.342419006109719,307.9746662247606,60.722,58.018586216,4.0,0.6522963749465374
HN Lib b,HN Lib,3347.0,0.299,0.291,-0.18,M Warm Superterran,5.46,2.2,0.5053819910495633,242.2818673718972,36.116,20.3665504952,4.4,0.6474514925735746
K2-18 b,K2-18,3464.0,0.444516,0.440668,0.017,M Warm Superterran,8.92,2.37,1.264153833251649,302.734505154903,32.939623,124.026037496,4.0,0.7009376843765194
K2-18 b,K2-18,3457.0,0.411,0.359,0.123,M Warm Superterran,8.92,2.37,1.264153833251649,302.734505154903,32.939623,124.026037496,4.0,0.7009376843765194
K2-18 b,K2-18,3496.0,0.4,0.42,0.017,M Warm Superterran,8.92,2.37,1.264153833251649,302.734505154903,32.939623,124.026037496,4.0,0.7009376843765194
K2-18 b,K2-18,3464.0,0.444516,0.96,0.017,M Warm Superterran,8.92,2.37,1.264153833251649,302.734505154903,32.939623,124.026037496,4.0,0.7009376843765194
K2-18 b,K2-18,3457.0,0.411,0.359,0.12,M Warm Superterran,8.92,2.37,1.264153833251649,302.734505154903,32.939623,124.026037496,4.0,0.7009376843765194
K2-18 b,K2-18,3457.0,0.4445,0.4951,0.017,M Warm Superterran,8.92,2.37,1.264153833251649,302.734505154903,32.939623,124.026037496,4.0,0.7009376843765194
K2-18 b,K2-18,3457.0,0.411,0.359,0.017,M Warm Superterran,8.92,2.37,1.264153833251649,302.734505154903,32.939623,124.026037496,4.0,0.7009376843765194
K2-18 b,K2-18,3449.0,0.468,0.32,0.0,M Warm Superterran,8.92,2.37,1.264153833251649,302.734505154903,32.939623,124.026037496,4.0,0.7009376843765194
K2-18 b,K2-18,3440.0,0.36,0.96,0.017,M Warm Superterran,8.92,2.37,1.264153833251649,302.734505154903,32.939623,124.026037496,4.0,0.7009376843765194
K2-18 b,K2-18,3503.0,0.394,0.413,0.09,M Warm Superterran,8.92,2.37,1.264153833251649,302.734505154903,32.939623,124.026037496,4.0,0.7009376843765194
K2-18 b,K2-18,5589.0,0.249,0.96,0.017,M Warm Superterran,8.92,2.37,1.264153833251649,302.734505154903,32.939623,124.026037496,4.0,0.7009376843765194
K2-288 B b,K2-288 B,3341.0,0.32,0.33,-0.21,M Warm Superterran,4.27,1.9,0.436829846423085,233.8856609951522,31.393463,214.003345528,1.0,0.6464881419295536
K2-288 B b,K2-288 B,5589.0,0.312,0.96,0.017,M Warm Superterran,4.27,1.9,0.436829846423085,233.8856609951522,31.393463,214.003345528,1.0,0.6464881419295536
K2-3 d,K2-3,3927.0,0.58,0.96,0.017,M Warm Terran,2.2,1.458,1.454409660819314,315.4427259618852,44.55603,143.745755412,6.9,0.8142638226173193
K2-3 d,K2-3,3835.0,0.6,0.62,-0.01,M Warm Terran,2.2,1.458,1.454409660819314,315.4427259618852,44.55603,143.745755412,6.9,0.8142638226173193
K2-3 d,K2-3,3896.0,0.561,0.601,-0.32,M Warm Terran,2.2,1.458,1.454409660819314,315.4427259618852,44.55603,143.745755412,6.9,0.8142638226173193
K2-3 d,K2-3,5589.0,0.553,0.612,0.017,M Warm Terran,2.2,1.458,1.454409660819314,315.4427259618852,44.55603,143.745755412,6.9,0.8142638226173193
K2-3 d,K2-3,3896.0,0.56,0.6,-0.32,M Warm Terran,2.2,1.458,1.454409660819314,315.4427259618852,44.55603,143.745755412,6.9,0.8142638226173193
K2-3 d,K2-3,5589.0,0.561,0.96,0.017,M Warm Terran,2.2,1.458,1.454409660819314,315.4427259618852,44.55603,143.745755412,6.9,0.8142638226173193
K2-3 d,K2-3,3896.0,0.561,0.601,-0.32,M Warm Terran,2.2,1.458,1.454409660819314,315.4427259618852,44.55603,143.745755412,6.9,0.8142638226173193
K2-3 d,K2-3,3844.0,0.546,0.549,-0.157,M Warm Terran,2.2,1.458,1.454409660819314,315.4427259618852,44.55603,143.745755412,6.9,0.8142638226173193
K2-3 d,K2-3,5589.0,0.371,0.96,0.017,M Warm Terran,2.2,1.458,1.454409660819314,315.4427259618852,44.55603,143.745755412,6.9,0.8142638226173193
K2-3 d,K2-3,3841.0,0.371,0.414,0.017,M Warm Terran,2.2,1.458,1.454409660819314,315.4427259618852,44.55603,143.745755412,6.9,0.8142638226173193
K2-3 d,K2-3,3835.0,0.6,0.62,-0.01,M Warm Terran,2.2,1.458,1.454409660819314,315.4427259618852,44.55603,143.745755412,6.9,0.8142638226173193
K2-3 d,K2-3,3896.0,0.561,0.601,-0.32,M Warm Terran,2.2,1.458,1.454409660819314,315.4427259618852,44.55603,143.745755412,6.9,0.8142638226173193
K2-3 d,K2-3,3896.0,0.561,0.601,-0.32,M Warm Terran,2.2,1.458,1.454409660819314,315.4427259618852,44.55603,143.745755412,6.9,0.8142638226173193
K2-3 d,K2-3,3920.0,0.550856,0.546024,0.017,M Warm Terran,2.2,1.458,1.454409660819314,315.4427259618852,44.55603,143.745755412,6.9,0.8142638226173193
K2-332 b,K2-332,3315.0,0.28,0.27,0.09,M Warm Superterran,5.48,2.2,1.16654249688907,298.9858686507328,17.70632,401.83071512,4.0,0.7293212064959401
K2-332 b,K2-332,5589.0,0.205,0.96,0.017,M Warm Superterran,5.48,2.2,1.16654249688907,298.9858686507328,17.70632,401.83071512,4.0,0.7293212064959401
K2-332 b,K2-332,3266.0,0.289676,0.264883,0.017,M Warm Superterran,5.48,2.2,1.16654249688907,298.9858686507328,17.70632,401.83071512,4.0,0.7293212064959401
K2-72 e,K2-72,3497.0,0.232,0.217,0.017,M Warm Terran,2.21,1.29,1.303262132935844,306.685393152554,24.158868,216.672280076,4.0,0.8708235731580869
K2-72 e,K2-72,3360.47,0.330989,0.271365,0.017,M Warm Terran,2.21,1.29,1.303262132935844,306.685393152554,24.158868,216.672280076,4.0,0.8708235731580869
K2-9 b,K2-9,3468.0,0.25,0.24,-0.46,M Warm Superterran,5.69,2.25,1.448495716881269,315.6129574939447,18.4498,270.589128436,1.0,0.6987684043607543
K2-9 b,K2-9,3390.0,0.31,0.3,-0.25,M Warm Superterran,5.69,2.25,1.448495716881269,315.6129574939447,18.4498,270.589128436,1.0,0.6987684043607543
K2-9 b,K2-9,5589.0,0.468,0.96,0.017,M Warm Superterran,5.69,2.25,1.448495716881269,315.6129574939447,18.4498,270.589128436,1.0,0.6987684043607543
K2-9 b,K2-9,3765.0,0.52,0.96,0.017,M Warm Superterran,5.69,2.25,1.448495716881269,315.6129574939447,18.4498,270.589128436,1.0,0.6987684043607543
K2-9 b,K2-9,4052.0,0.468,0.519,0.017,M Warm Superterran,5.69,2.25,1.448495716881269,315.6129574939447,18.4498,270.589128436,1.0,0.6987684043607543
Kepler-1229 b,Kepler-1229,3724.0,0.414,0.431,-0.4,M Warm Terran,2.54,1.4,0.3243560832703989,217.1106026765632,86.828989,865.88547192,3.72,0.62049438782617
Kepler-1229 b,Kepler-1229,3577.0,0.45,0.48,0.16,M Warm Terran,2.54,1.4,0.3243560832703989,217.1106026765632,86.828989,865.88547192,3.72,0.62049438782617
Kepler-1229 b,Kepler-1229,4013.0,0.52,0.543,0.017,M Warm Terran,2.54,1.4,0.3243560832703989,217.1106026765632,86.828989,865.88547192,3.72,0.62049438782617
Kepler-1229 b,Kepler-1229,3577.0,0.569,0.96,0.017,M Warm Terran,2.54,1.4,0.3243560832703989,217.1106026765632,86.828989,865.88547192,3.72,0.62049438782617
Kepler-1229 b,Kepler-1229,3576.0,0.463,0.482,0.16,M Warm Terran,2.54,1.4,0.3243560832703989,217.1106026765632,86.828989,865.88547192,3.72,0.62049438782617
Kepler-1229 b,Kepler-1229,3774.0,0.565878,0.559315,0.017,M Warm Terran,2.54,1.4,0.3243560832703989,217.1106026765632,86.828989,865.88547192,3.72,0.62049438782617
Kepler-1229 b,Kepler-1229,3774.0,0.565878,0.559315,0.017,M Warm Terran,2.54,1.4,0.3243560832703989,217.1106026765632,86.828989,865.88547192,3.72,0.62049438782617
Kepler-1229 b,Kepler-1229,3784.0,0.51,0.54,-0.06,M Warm Terran,2.54,1.4,0.3243560832703989,217.1106026765632,86.828989,865.88547192,3.72,0.62049438782617
Kepler-1229 b,Kepler-1229,3774.0,0.565878,0.559315,0.017,M Warm Terran,2.54,1.4,0.3243560832703989,217.1106026765632,86.828989,865.88547192,3.72,0.62049438782617
Kepler-1410 b,Kepler-1410,4031.25,0.9583,0.96,-0.0345,K Warm Superterran,3.82,1.78,1.074749569054105,292.9222362087997,60.866168,1196.99252,4.07,0.7999741710157133
Kepler-1410 b,Kepler-1410,4092.0,0.6,0.63,0.01,K Warm Superterran,3.82,1.78,1.074749569054105,292.9222362087997,60.866168,1196.99252,4.07,0.7999741710157133
Kepler-1410 b,Kepler-1410,4031.25,0.9583,0.96,-0.0345,K Warm Superterran,3.82,1.78,1.074749569054105,292.9222362087997,60.866168,1196.99252,4.07,0.7999741710157133
Kepler-1410 b,Kepler-1410,3950.0,0.566,0.594,0.04,K Warm Superterran,3.82,1.78,1.074749569054105,292.9222362087997,60.866168,1196.99252,4.07,0.7999741710157133
Kepler-1410 b,Kepler-1410,3903.0,0.523,0.541,-0.2,K Warm Superterran,3.82,1.78,1.074749569054105,292.9222362087997,60.866168,1196.99252,4.07,0.7999741710157133
Kepler-1410 b,Kepler-1410,4031.25,0.9583,0.96,-0.0345,K Warm Superterran,3.82,1.78,1.074749569054105,292.9222362087997,60.866168,1196.99252,4.07,0.7999741710157133
Kepler-1410 b,Kepler-1410,3808.0,0.522,0.539,-0.02,K Warm Superterran,3.82,1.78,1.074749569054105,292.9222362087997,60.866168,1196.99252,4.07,0.7999741710157133
Kepler-1410 b,Kepler-1410,4110.0,0.532,0.558,0.017,K Warm Superterran,3.82,1.78,1.074749569054105,292.9222362087997,60.866168,1196.99252,4.07,0.7999741710157133
Kepler-1540 b,Kepler-1540,4625.0,0.636,0.96,0.017,K Warm Superterran,6.76,2.49,0.7762063312630189,270.0348497102646,125.4131177,798.9517376,2.51,0.6852401430455627
Kepler-1540 b,Kepler-1540,4323.0,0.695483,0.676,0.017,K Warm Superterran,6.76,2.49,0.7762063312630189,270.0348497102646,125.4131177,798.9517376,2.51,0.6852401430455627
Kepler-1540 b,Kepler-1540,4540.0,0.69,0.74,0.1,K Warm Superterran,6.76,2.49,0.7762063312630189,270.0348497102646,125.4131177,798.9517376,2.51,0.6852401430455627
Kepler-1540 b,Kepler-1540,4366.0,0.639,0.628,-0.18,K Warm Superterran,6.76,2.49,0.7762063312630189,270.0348497102646,125.4131177,798.9517376,2.51,0.6852401430455627
Kepler-1540 b,Kepler-1540,4323.0,0.695483,0.676,0.017,K Warm Superterran,6.76,2.49,0.7762063312630189,270.0348497102646,125.4131177,798.9517376,2.51,0.6852401430455627
Kepler-1540 b,Kepler-1540,4641.0,0.747,0.734,0.16,K Warm Superterran,6.76,2.49,0.7762063312630189,270.0348497102646,125.4131177,798.9517376,2.51,0.6852401430455627
Kepler-1544 b,Kepler-1544,4787.0,0.750481,0.772,0.017,K Warm Superterran,3.82,1.78,0.8430264200825404,275.6676584946736,168.811174,1092.9161404,2.34,0.7926635120647971
Kepler-1544 b,Kepler-1544,4893.0,0.761,0.735,-0.04,K Warm Superterran,3.82,1.78,0.8430264200825404,275.6676584946736,168.811174,1092.9161404,2.34,0.7926635120647971
Kepler-1544 b,Kepler-1544,4787.0,0.750481,0.772,0.017,K Warm Superterran,3.82,1.78,0.8430264200825404,275.6676584946736,168.811174,1092.9161404,2.34,0.7926635120647971
Kepler-1544 b,Kepler-1544,4798.0,0.707,0.771,0.0,K Warm Superterran,3.82,1.78,0.8430264200825404,275.6676584946736,168.811174,1092.9161404,2.34,0.7926635120647971
Kepler-1544 b,Kepler-1544,4852.0,0.706,0.96,0.017,K Warm Superterran,3.82,1.78,0.8430264200825404,275.6676584946736,168.811174,1092.9161404,2.34,0.7926635120647971
Kepler-1544 b,Kepler-1544,4886.0,0.74,0.81,0.02,K Warm Superterran,3.82,1.78,0.8430264200825404,275.6676584946736,168.811174,1092.9161404,2.34,0.7926635120647971
Kepler-1544 b,Kepler-1544,4852.0,0.701,0.755,0.01,K Warm Superterran,3.82,1.78,0.8430264200825404,275.6676584946736,168.811174,1092.9161404,2.34,0.7926635120647971
Kepler-1544 b,Kepler-1544,4820.0,0.713,0.743,-0.08,K Warm Superterran,3.82,1.78,0.8430264200825404,275.6676584946736,168.811174,1092.9161404,2.34,0.7926635120647971
Kepler-1544 b,Kepler-1544,4787.0,0.750481,0.772,0.017,K Warm Superterran,3.82,1.78,0.8430264200825404,275.6676584946736,168.811174,1092.9161404,2.34,0.7926635120647971
Kepler-155 c,Kepler-155,3985.0,0.54,0.56,-0.22,M Warm Superterran,5.65,2.24,1.052856706955608,291.4189828588866,52.661793,957.26459844,2.9,0.728767145506394
Kepler-155 c,Kepler-155,4550.0,0.68,0.72,-0.06,M Warm Superterran,5.65,2.24,1.052856706955608,291.4189828588866,52.661793,957.26459844,2.9,0.728767145506394
Kepler-155 c,Kepler-155,4339.18,0.771507,0.678,-0.142,M Warm Superterran,5.65,2.24,1.052856706955608,291.4189828588866,52.661793,957.26459844,2.9,0.728767145506394
Kepler-155 c,Kepler-155,3984.0,0.539,0.557,-0.22,M Warm Superterran,5.65,2.24,1.052856706955608,291.4189828588866,52.661793,957.26459844,2.9,0.728767145506394
Kepler-155 c,Kepler-155,4526.0,0.606,0.635,0.017,M Warm Superterran,5.65,2.24,1.052856706955608,291.4189828588866,52.661793,957.26459844,2.9,0.728767145506394
Kepler-155 c,Kepler-155,4339.18,0.771507,0.678,-0.142,M Warm Superterran,5.65,2.24,1.052856706955608,291.4189828588866,52.661793,957.26459844,2.9,0.728767145506394
Kepler-155 c,Kepler-155,4057.0,0.529,0.542,-0.33,M Warm Superterran,5.65,2.24,1.052856706955608,291.4189828588866,52.661793,957.26459844,2.9,0.728767145506394
Kepler-155 c,Kepler-155,4339.18,0.771507,0.678,-0.142,M Warm Superterran,5.65,2.24,1.052856706955608,291.4189828588866,52.661793,957.26459844,2.9,0.728767145506394
Kepler-155 c,Kepler-155,4339.18,0.771507,0.678,-0.142,M Warm Superterran,5.65,2.24,1.052856706955608,291.4189828588866,52.661793,957.26459844,2.9,0.728767145506394
Kepler-155 c,Kepler-155,4508.0,0.62,0.96,0.017,M Warm Superterran,5.65,2.24,1.052856706955608,291.4189828588866,52.661793,957.26459844,2.9,0.728767145506394
Kepler-155 c,Kepler-155,4339.18,0.771507,0.678,-0.142,M Warm Superterran,5.65,2.24,1.052856706955608,291.4189828588866,52.661793,957.26459844,2.9,0.728767145506394
Kepler-1606 b,Kepler-1606,5536.0,0.816,0.895,-0.12,G Warm Superterran,4.94,2.07,1.636042797144682,325.3675117613493,196.435224,2711.29242772,4.27,0.7002538666326197
Kepler-1606 b,Kepler-1606,5400.0,0.827593,0.94,0.017,G Warm Superterran,4.94,2.07,1.636042797144682,325.3675117613493,196.435224,2711.29242772,4.27,0.7002538666326197
Kepler-1606 b,Kepler-1606,5400.0,0.827593,0.94,0.017,G Warm Superterran,4.94,2.07,1.636042797144682,325.3675117613493,196.435224,2711.29242772,4.27,0.7002538666326197
Kepler-1606 b,Kepler-1606,5461.0,0.819,0.96,0.017,G Warm Superterran,4.94,2.07,1.636042797144682,325.3675117613493,196.435224,2711.29242772,4.27,0.7002538666326197
Kepler-1606 b,Kepler-1606,5422.0,0.86,0.9,0.01,G Warm Superterran,4.94,2.07,1.636042797144682,325.3675117613493,196.435224,2711.29242772,4.27,0.7002538666326197
Kepler-1606 b,Kepler-1606,5461.0,0.915,0.921,0.12,G Warm Superterran,4.94,2.07,1.636042797144682,325.3675117613493,196.435224,2711.29242772,4.27,0.7002538666326197
Kepler-1606 b,Kepler-1606,5462.0,0.946,0.924,0.16,G Warm Superterran,4.94,2.07,1.636042797144682,325.3675117613493,196.435224,2711.29242772,4.27,0.7002538666326197
Kepler-1606 b,Kepler-1606,5400.0,0.827593,0.94,0.017,G Warm Superterran,4.94,2.07,1.636042797144682,325.3675117613493,196.435224,2711.29242772,4.27,0.7002538666326197
Kepler-1638 b,Kepler-1638,5745.0,1.62302,1.03,0.017,G Warm Superterran,4.16,1.87,1.385758191588865,312.1385328022981,259.33683,4975.5750112,4.37,0.7570641135411034
Kepler-1638 b,Kepler-1638,5906.0,0.85,0.773,-0.76,G Warm Superterran,4.16,1.87,1.385758191588865,312.1385328022981,259.33683,4975.5750112,4.37,0.7570641135411034
Kepler-1638 b,Kepler-1638,5906.0,0.835,0.817,-0.76,G Warm Superterran,4.16,1.87,1.385758191588865,312.1385328022981,259.33683,4975.5750112,4.37,0.7570641135411034
Kepler-1638 b,Kepler-1638,5710.0,0.95,0.97,-0.01,G Warm Superterran,4.16,1.87,1.385758191588865,312.1385328022981,259.33683,4975.5750112,4.37,0.7570641135411034
Kepler-1638 b,Kepler-1638,5745.0,1.62302,1.03,0.017,G Warm Superterran,4.16,1.87,1.385758191588865,312.1385328022981,259.33683,4975.5750112,4.37,0.7570641135411034
Kepler-1638 b,Kepler-1638,5745.0,1.62302,1.03,0.017,G Warm Superterran,4.16,1.87,1.385758191588865,312.1385328022981,259.33683,4975.5750112,4.37,0.7570641135411034
Kepler-1638 b,Kepler-1638,5490.0,3.204,1.592,0.24,G Warm Superterran,4.16,1.87,1.385758191588865,312.1385328022981,259.33683,4975.5750112,4.37,0.7570641135411034
Kepler-1638 b,Kepler-1638,5488.0,1.713,0.96,0.017,G Warm Superterran,4.16,1.87,1.385758191588865,312.1385328022981,259.33683,4975.5750112,4.37,0.7570641135411034
Kepler-1649 c,Kepler-1649,3240.0,0.2317,0.1977,-0.15,M Warm Terran,1.2,1.06,1.226056845240327,302.7284049431404,19.53527,300.687456428,4.0,0.9252978951868612
Kepler-1649 c,Kepler-1649,2703.0,0.118,0.096,0.0,M Warm Terran,1.2,1.06,1.226056845240327,302.7284049431404,19.53527,300.687456428,4.0,0.9252978951868612
Kepler-1649 c,Kepler-1649,3269.0,0.23113,0.200732,0.017,M Warm Terran,1.2,1.06,1.226056845240327,302.7284049431404,19.53527,300.687456428,4.0,0.9252978951868612
Kepler-1652 b,Kepler-1652,3885.0,0.502,0.52,0.017,M Warm Terran,3.19,1.6,0.841257578421338,275.5229428119624,38.09722,821.9131199999999,3.2,0.8258056945095709
Kepler-1652 b,Kepler-1652,5589.0,0.9583,0.96,0.017,M Warm Terran,3.19,1.6,0.841257578421338,275.5229428119624,38.09722,821.9131199999999,3.2,0.8258056945095709
Kepler-1652 b,Kepler-1652,5589.0,0.9583,0.96,0.017,M Warm Terran,3.19,1.6,0.841257578421338,275.5229428119624,38.09722,821.9131199999999,3.2,0.8258056945095709
Kepler-1652 b,Kepler-1652,3554.0,0.398,0.426,-0.04,M Warm Terran,3.19,1.6,0.841257578421338,275.5229428119624,38.09722,821.9131199999999,3.2,0.8258056945095709
Kepler-1652 b,Kepler-1652,3482.0,0.35,0.359,-0.1,M Warm Terran,3.19,1.6,0.841257578421338,275.5229428119624,38.09722,821.9131199999999,3.2,0.8258056945095709
Kepler-1652 b,Kepler-1652,3638.0,0.382,0.404,-0.3,M Warm Terran,3.19,1.6,0.841257578421338,275.5229428119624,38.09722,821.9131199999999,3.2,0.8258056945095709
Kepler-1653 b,Kepler-1653,5589.0,0.9583,0.96,0.017,K Warm Superterran,5.35,2.17,1.043989556683339,290.8034533879476,140.2524,2462.4778,7.7,0.7385740715642647
Kepler-1653 b,Kepler-1653,4771.0,0.696,0.681,-0.22,K Warm Superterran,5.35,2.17,1.043989556683339,290.8034533879476,140.2524,2462.4778,7.7,0.7385740715642647
Kepler-1653 b,Kepler-1653,5589.0,0.9583,0.96,0.017,K Warm Superterran,5.35,2.17,1.043989556683339,290.8034533879476,140.2524,2462.4778,7.7,0.7385740715642647
Kepler-1653 b,Kepler-1653,4821.0,0.788,0.765,0.16,K Warm Superterran,5.35,2.17,1.043989556683339,290.8034533879476,140.2524,2462.4778,7.7,0.7385740715642647
Kepler-1653 b,Kepler-1653,4807.0,1.063,0.96,0.017,K Warm Superterran,5.35,2.17,1.043989556683339,290.8034533879476,140.2524,2462.4778,7.7,0.7385740715642647
Kepler-1653 b,Kepler-1653,4807.0,0.693,0.719,-0.18,K Warm Superterran,5.35,2.17,1.043989556683339,290.8034533879476,140.2524,2462.4778,7.7,0.7385740715642647
Kepler-1701 b,Kepler-1701,5380.0,0.779,0.864,-0.14,K Warm Superterran,5.57,2.222,1.417046135683686,313.8856913131539,169.134,1905.21418152,4.0,0.7053687104422459
Kepler-1701 b,Kepler-1701,5146.0,0.840217,0.87,0.03,K Warm Superterran,5.57,2.222,1.417046135683686,313.8856913131539,169.134,1905.21418152,4.0,0.7053687104422459
Kepler-1701 b,Kepler-1701,5253.0,0.787,0.88,0.11,K Warm Superterran,5.57,2.222,1.417046135683686,313.8856913131539,169.134,1905.21418152,4.0,0.7053687104422459
Kepler-1701 b,Kepler-1701,5146.0,0.840217,0.87,0.03,K Warm Superterran,5.57,2.222,1.417046135683686,313.8856913131539,169.134,1905.21418152,4.0,0.7053687104422459
Kepler-1701 b,Kepler-1701,5146.0,0.840217,0.87,0.03,K Warm Superterran,5.57,2.222,1.417046135683686,313.8856913131539,169.134,1905.21418152,4.0,0.7053687104422459
Kepler-1701 b,Kepler-1701,5171.0,0.801,0.82,0.0,K Warm Superterran,5.57,2.222,1.417046135683686,313.8856913131539,169.134,1905.21418152,4.0,0.7053687104422459
Kepler-174 d,Kepler-174,4949.0,0.68,0.71,-0.36,K Warm Superterran,5.43,2.19,0.5872495093975978,251.843755355038,247.35373,1254.90804092,4.9,0.6784561501442405
Kepler-174 d,Kepler-174,4590.0,0.595,0.583,-0.64,K Warm Superterran,5.43,2.19,0.5872495093975978,251.843755355038,247.35373,1254.90804092,4.9,0.6784561501442405
Kepler-174 d,Kepler-174,4693.0,0.732,0.96,0.017,K Warm Superterran,5.43,2.19,0.5872495093975978,251.843755355038,247.35373,1254.90804092,4.9,0.6784561501442405
Kepler-174 d,Kepler-174,4724.0,0.774168,0.76,-0.44,K Warm Superterran,5.43,2.19,0.5872495093975978,251.843755355038,247.35373,1254.90804092,4.9,0.6784561501442405
Kepler-174 d,Kepler-174,4880.0,0.622,0.96,0.017,K Warm Superterran,5.43,2.19,0.5872495093975978,251.843755355038,247.35373,1254.90804092,4.9,0.6784561501442405
Kepler-174 d,Kepler-174,4724.0,0.774168,0.76,-0.44,K Warm Superterran,5.43,2.19,0.5872495093975978,251.843755355038,247.35373,1254.90804092,4.9,0.6784561501442405
Kepler-174 d,Kepler-174,4859.0,0.651,0.636,-0.52,K Warm Superterran,5.43,2.19,0.5872495093975978,251.843755355038,247.35373,1254.90804092,4.9,0.6784561501442405
Kepler-174 d,Kepler-174,4693.0,0.725,0.96,-0.56,K Warm Superterran,5.43,2.19,0.5872495093975978,251.843755355038,247.35373,1254.90804092,4.9,0.6784561501442405
Kepler-174 d,Kepler-174,4565.0,0.61,0.602,0.017,K Warm Superterran,5.43,2.19,0.5872495093975978,251.843755355038,247.35373,1254.90804092,4.9,0.6784561501442405
Kepler-174 d,Kepler-174,4724.0,0.774168,0.76,-0.44,K Warm Superterran,5.43,2.19,0.5872495093975978,251.843755355038,247.35373,1254.90804092,4.9,0.6784561501442405
Kepler-174 d,Kepler-174,4724.0,0.774168,0.76,-0.44,K Warm Superterran,5.43,2.19,0.5872495093975978,251.843755355038,247.35373,1254.90804092,4.9,0.6784561501442405
Kepler-186 f,Kepler-186,3755.0,0.523,0.544,-0.26,M Warm Terran,1.71,1.17,0.2947000572382695,211.9045098682499,129.9441,579.2334866399999,4.0,0.6108342013890882
Kepler-186 f,Kepler-186,3761.0,0.46,0.48,-0.21,M Warm Terran,1.71,1.17,0.2947000572382695,211.9045098682499,129.9441,579.2334866399999,4.0,0.6108342013890882
Kepler-186 f,Kepler-186,3876.0,0.547805,0.543276,0.017,M Warm Terran,1.71,1.17,0.2947000572382695,211.9045098682499,129.9441,579.2334866399999,4.0,0.6108342013890882
Kepler-186 f,Kepler-186,3788.0,0.472,0.478,-0.28,M Warm Terran,1.71,1.17,0.2947000572382695,211.9045098682499,129.9441,579.2334866399999,4.0,0.6108342013890882
Kepler-186 f,Kepler-186,3876.0,0.547805,0.543276,0.017,M Warm Terran,1.71,1.17,0.2947000572382695,211.9045098682499,129.9441,579.2334866399999,4.0,0.6108342013890882
Kepler-186 f,Kepler-186,3876.0,0.547805,0.543276,0.017,M Warm Terran,1.71,1.17,0.2947000572382695,211.9045098682499,129.9441,579.2334866399999,4.0,0.6108342013890882
Kepler-186 f,Kepler-186,3871.0,0.49,0.51,-0.31,M Warm Terran,1.71,1.17,0.2947000572382695,211.9045098682499,129.9441,579.2334866399999,4.0,0.6108342013890882
Kepler-186 f,Kepler-186,3748.0,0.539,0.96,0.017,M Warm Terran,1.71,1.17,0.2947000572382695,211.9045098682499,129.9441,579.2334866399999,4.0,0.6108342013890882
Kepler-186 f,Kepler-186,5589.0,0.9583,0.96,0.017,M Warm Terran,1.71,1.17,0.2947000572382695,211.9045098682499,129.9441,579.2334866399999,4.0,0.6108342013890882
Kepler-186 f,Kepler-186,3876.0,0.547805,0.543276,0.017,M Warm Terran,1.71,1.17,0.2947000572382695,211.9045098682499,129.9441,579.2334866399999,4.0,0.6108342013890882
Kepler-186 f,Kepler-186,3751.0,0.443,0.452,-0.34,M Warm Terran,1.71,1.17,0.2947000572382695,211.9045098682499,129.9441,579.2334866399999,4.0,0.6108342013890882
Kepler-22 b,Kepler-22,5698.0,0.94,0.9,-0.21,G Warm Superterran,9.1,2.1,1.411057470629106,275.418076598015,289.863876,634.8365615199999,7.0,0.72163259984665
Kepler-22 b,Kepler-22,5510.0,0.85,0.828,0.017,G Warm Superterran,9.1,2.1,1.411057470629106,275.418076598015,289.863876,634.8365615199999,7.0,0.72163259984665
Kepler-22 b,Kepler-22,5594.0,0.855243,0.989,-0.27,G Warm Superterran,9.1,2.1,1.411057470629106,275.418076598015,289.863876,634.8365615199999,7.0,0.72163259984665
Kepler-22 b,Kepler-22,5594.0,0.855243,0.989,-0.27,G Warm Superterran,9.1,2.1,1.411057470629106,275.418076598015,289.863876,634.8365615199999,7.0,0.72163259984665
Kepler-22 b,Kepler-22,5642.0,0.979,0.97,-0.27,G Warm Superterran,9.1,2.1,1.411057470629106,275.418076598015,289.863876,634.8365615199999,7.0,0.72163259984665
Kepler-22 b,Kepler-22,5518.0,0.979,0.97,-0.29,G Warm Superterran,9.1,2.1,1.411057470629106,275.418076598015,289.863876,634.8365615199999,7.0,0.72163259984665
Kepler-22 b,Kepler-22,5516.0,0.886,0.799,-0.26,G Warm Superterran,9.1,2.1,1.411057470629106,275.418076598015,289.863876,634.8365615199999,7.0,0.72163259984665
Kepler-22 b,Kepler-22,5596.0,0.869,0.857,-0.255,G Warm Superterran,9.1,2.1,1.411057470629106,275.418076598015,289.863876,634.8365615199999,7.0,0.72163259984665
Kepler-22 b,Kepler-22,5528.0,0.85,0.96,0.017,G Warm Superterran,9.1,2.1,1.411057470629106,275.418076598015,289.863876,634.8365615199999,7.0,0.72163259984665
Kepler-283 c,Kepler-283,4141.0,0.626,0.662,0.017,K Warm Superterran,3.97,1.82,0.8943164969591413,279.7681889736182,92.743711,1526.71666664,3.09,0.7906371718935887
Kepler-283 c,Kepler-283,4250.0,0.631396,0.664,0.017,K Warm Superterran,3.97,1.82,0.8943164969591413,279.7681889736182,92.743711,1526.71666664,3.09,0.7906371718935887
Kepler-283 c,Kepler-283,4141.0,0.64,0.96,0.017,K Warm Superterran,3.97,1.82,0.8943164969591413,279.7681889736182,92.743711,1526.71666664,3.09,0.7906371718935887
Kepler-283 c,Kepler-283,4141.0,0.582,0.596,-0.2,K Warm Superterran,3.97,1.82,0.8943164969591413,279.7681889736182,92.743711,1526.71666664,3.09,0.7906371718935887
Kepler-283 c,Kepler-283,5189.0,0.72,0.76,-0.37,K Warm Superterran,3.97,1.82,0.8943164969591413,279.7681889736182,92.743711,1526.71666664,3.09,0.7906371718935887
Kepler-283 c,Kepler-283,4327.0,0.566,0.596,0.017,K Warm Superterran,3.97,1.82,0.8943164969591413,279.7681889736182,92.743711,1526.71666664,3.09,0.7906371718935887
Kepler-283 c,Kepler-283,4351.0,0.566,0.96,0.017,K Warm Superterran,3.97,1.82,0.8943164969591413,279.7681889736182,92.743711,1526.71666664,3.09,0.7906371718935887
Kepler-283 c,Kepler-283,4250.0,0.631396,0.664,0.017,K Warm Superterran,3.97,1.82,0.8943164969591413,279.7681889736182,92.743711,1526.71666664,3.09,0.7906371718935887
Kepler-283 c,Kepler-283,4251.0,0.6,0.63,-0.17,K Warm Superterran,3.97,1.82,0.8943164969591413,279.7681889736182,92.743711,1526.71666664,3.09,0.7906371718935887
Kepler-283 c,Kepler-283,4250.0,0.631396,0.664,0.017,K Warm Superterran,3.97,1.82,0.8943164969591413,279.7681889736182,92.743711,1526.71666664,3.09,0.7906371718935887
Kepler-296 e,Kepler-296,3517.0,0.37,0.38,-0.07,M Warm Terran,2.96,1.53,1.00060661330768,281.6348027737593,34.14211,544.68052,4.2,0.8518707588189728
Kepler-296 e,Kepler-296,5589.0,0.9583,0.96,0.017,M Warm Terran,2.96,1.53,1.00060661330768,281.6348027737593,34.14211,544.68052,4.2,0.8518707588189728
Kepler-296 e,Kepler-296,3526.0,0.383,0.394,-0.08,M Warm Terran,2.96,1.53,1.00060661330768,281.6348027737593,34.14211,544.68052,4.2,0.8518707588189728
Kepler-296 e,Kepler-296,3572.0,0.426,0.454,-0.12,M Warm Terran,2.96,1.53,1.00060661330768,281.6348027737593,34.14211,544.68052,4.2,0.8518707588189728
Kepler-296 e,Kepler-296,3558.0,0.37,0.38,-0.23,M Warm Terran,2.96,1.53,1.00060661330768,281.6348027737593,34.14211,544.68052,4.2,0.8518707588189728
Kepler-296 e,Kepler-296,3821.0,0.595,0.626,0.3,M Warm Terran,2.96,1.53,1.00060661330768,281.6348027737593,34.14211,544.68052,4.2,0.8518707588189728
Kepler-296 e,Kepler-296,5589.0,0.9583,0.96,0.017,M Warm Terran,2.96,1.53,1.00060661330768,281.6348027737593,34.14211,544.68052,4.2,0.8518707588189728
Kepler-296 e,Kepler-296,3862.0,0.5,0.516,0.017,M Warm Terran,2.96,1.53,1.00060661330768,281.6348027737593,34.14211,544.68052,4.2,0.8518707588189728
Kepler-296 e,Kepler-296,5589.0,0.9583,0.96,0.017,M Warm Terran,2.96,1.53,1.00060661330768,281.6348027737593,34.14211,544.68052,4.2,0.8518707588189728
Kepler-296 e,Kepler-296,3740.0,0.48,0.498,-0.08,M Warm Terran,2.96,1.53,1.00060661330768,281.6348027737593,34.14211,544.68052,4.2,0.8518707588189728
Kepler-296 e,Kepler-296,4249.0,0.557,0.96,0.017,M Warm Terran,2.96,1.53,1.00060661330768,281.6348027737593,34.14211,544.68052,4.2,0.8518707588189728
Kepler-296 f,Kepler-296,3526.0,0.383,0.394,-0.08,M Warm Superterran,3.89,1.8,0.4394975083841701,229.2765211254743,63.33627,544.68052,4.2,0.6584999747490459
Kepler-296 f,Kepler-296,5589.0,0.9583,0.96,0.017,M Warm Superterran,3.89,1.8,0.4394975083841701,229.2765211254743,63.33627,544.68052,4.2,0.6584999747490459
Kepler-296 f,Kepler-296,5589.0,0.9583,0.96,0.017,M Warm Superterran,3.89,1.8,0.4394975083841701,229.2765211254743,63.33627,544.68052,4.2,0.6584999747490459
Kepler-296 f,Kepler-296,3558.0,0.37,0.38,-0.23,M Warm Superterran,3.89,1.8,0.4394975083841701,229.2765211254743,63.33627,544.68052,4.2,0.6584999747490459
Kepler-296 f,Kepler-296,3517.0,0.37,0.38,-0.07,M Warm Superterran,3.89,1.8,0.4394975083841701,229.2765211254743,63.33627,544.68052,4.2,0.6584999747490459
Kepler-296 f,Kepler-296,3862.0,0.5,0.516,0.017,M Warm Superterran,3.89,1.8,0.4394975083841701,229.2765211254743,63.33627,544.68052,4.2,0.6584999747490459
Kepler-296 f,Kepler-296,3740.0,0.48,0.498,-0.08,M Warm Superterran,3.89,1.8,0.4394975083841701,229.2765211254743,63.33627,544.68052,4.2,0.6584999747490459
Kepler-296 f,Kepler-296,3572.0,0.426,0.454,-0.12,M Warm Superterran,3.89,1.8,0.4394975083841701,229.2765211254743,63.33627,544.68052,4.2,0.6584999747490459
Kepler-296 f,Kepler-296,4249.0,0.557,0.96,0.017,M Warm Superterran,3.89,1.8,0.4394975083841701,229.2765211254743,63.33627,544.68052,4.2,0.6584999747490459
Kepler-296 f,Kepler-296,3821.0,0.595,0.626,0.3,M Warm Superterran,3.89,1.8,0.4394975083841701,229.2765211254743,63.33627,544.68052,4.2,0.6584999747490459
Kepler-440 b,Kepler-440,3959.0,0.53,0.55,-0.23,K Warm Superterran,4.12,1.86,1.435637854226977,307.8069312277451,101.11141,981.8274067999998,1.3,0.7526026313450855
Kepler-440 b,Kepler-440,3813.0,0.477,0.485,-0.3,K Warm Superterran,4.12,1.86,1.435637854226977,307.8069312277451,101.11141,981.8274067999998,1.3,0.7526026313450855
Kepler-440 b,Kepler-440,3891.0,0.6628,0.636635,0.017,K Warm Superterran,4.12,1.86,1.435637854226977,307.8069312277451,101.11141,981.8274067999998,1.3,0.7526026313450855
Kepler-440 b,Kepler-440,4134.0,0.559,0.575,-0.3,K Warm Superterran,4.12,1.86,1.435637854226977,307.8069312277451,101.11141,981.8274067999998,1.3,0.7526026313450855
Kepler-440 b,Kepler-440,3891.0,0.6628,0.636635,0.017,K Warm Superterran,4.12,1.86,1.435637854226977,307.8069312277451,101.11141,981.8274067999998,1.3,0.7526026313450855
Kepler-440 b,Kepler-440,5589.0,0.9583,0.96,0.017,K Warm Superterran,4.12,1.86,1.435637854226977,307.8069312277451,101.11141,981.8274067999998,1.3,0.7526026313450855
Kepler-440 b,Kepler-440,4133.0,0.561,0.578,-0.3,K Warm Superterran,4.12,1.86,1.435637854226977,307.8069312277451,101.11141,981.8274067999998,1.3,0.7526026313450855
Kepler-440 b,Kepler-440,3891.0,0.6628,0.636635,0.017,K Warm Superterran,4.12,1.86,1.435637854226977,307.8069312277451,101.11141,981.8274067999998,1.3,0.7526026313450855
Kepler-440 b,Kepler-440,4134.0,0.661,0.96,0.017,K Warm Superterran,4.12,1.86,1.435637854226977,307.8069312277451,101.11141,981.8274067999998,1.3,0.7526026313450855
Kepler-442 b,Kepler-442,4563.0,0.618522,0.72,0.017,K Warm Terran,2.36,1.34,0.699682638644652,263.0391661405113,112.3053,1193.6168054,2.9,0.8382420225025671
Kepler-442 b,Kepler-442,4569.0,0.653,0.641,-0.28,K Warm Terran,2.36,1.34,0.699682638644652,263.0391661405113,112.3053,1193.6168054,2.9,0.8382420225025671
Kepler-442 b,Kepler-442,4563.0,0.618522,0.72,0.017,K Warm Terran,2.36,1.34,0.699682638644652,263.0391661405113,112.3053,1193.6168054,2.9,0.8382420225025671
Kepler-442 b,Kepler-442,4563.0,0.618522,0.72,0.017,K Warm Terran,2.36,1.34,0.699682638644652,263.0391661405113,112.3053,1193.6168054,2.9,0.8382420225025671
Kepler-442 b,Kepler-442,4401.0,0.595,0.613,-0.38,K Warm Terran,2.36,1.34,0.699682638644652,263.0391661405113,112.3053,1193.6168054,2.9,0.8382420225025671
Kepler-442 b,Kepler-442,4402.0,0.637,0.96,0.017,K Warm Terran,2.36,1.34,0.699682638644652,263.0391661405113,112.3053,1193.6168054,2.9,0.8382420225025671
Kepler-442 b,Kepler-442,4501.0,0.66,0.7,-0.09,K Warm Terran,2.36,1.34,0.699682638644652,263.0391661405113,112.3053,1193.6168054,2.9,0.8382420225025671
Kepler-442 b,Kepler-442,4402.0,0.598,0.609,-0.37,K Warm Terran,2.36,1.34,0.699682638644652,263.0391661405113,112.3053,1193.6168054,2.9,0.8382420225025671
Kepler-443 b,Kepler-443,4907.0,0.739,0.791,0.04,K Warm Superterran,6.04,2.33,0.8900883349260323,278.8004208612754,177.6693,2616.65500276,3.2,0.7146042366211369
Kepler-443 b,Kepler-443,4781.0,0.709,0.96,0.017,K Warm Superterran,6.04,2.33,0.8900883349260323,278.8004208612754,177.6693,2616.65500276,3.2,0.7146042366211369
Kepler-443 b,Kepler-443,4781.0,0.697,0.752,0.02,K Warm Superterran,6.04,2.33,0.8900883349260323,278.8004208612754,177.6693,2616.65500276,3.2,0.7146042366211369
Kepler-443 b,Kepler-443,4696.0,0.787708,0.75,0.017,K Warm Superterran,6.04,2.33,0.8900883349260323,278.8004208612754,177.6693,2616.65500276,3.2,0.7146042366211369
Kepler-443 b,Kepler-443,4696.0,0.787708,0.75,0.017,K Warm Superterran,6.04,2.33,0.8900883349260323,278.8004208612754,177.6693,2616.65500276,3.2,0.7146042366211369
Kepler-443 b,Kepler-443,4723.0,0.706,0.738,-0.01,K Warm Superterran,6.04,2.33,0.8900883349260323,278.8004208612754,177.6693,2616.65500276,3.2,0.7146042366211369
Kepler-443 b,Kepler-443,4721.0,0.701,0.74,-0.02,K Warm Superterran,6.04,2.33,0.8900883349260323,278.8004208612754,177.6693,2616.65500276,3.2,0.7146042366211369
Kepler-443 b,Kepler-443,4920.0,0.75,0.8,0.02,K Warm Superterran,6.04,2.33,0.8900883349260323,278.8004208612754,177.6693,2616.65500276,3.2,0.7146042366211369
Kepler-443 b,Kepler-443,4696.0,0.787708,0.75,0.017,K Warm Superterran,6.04,2.33,0.8900883349260323,278.8004208612754,177.6693,2616.65500276,3.2,0.7146042366211369
Kepler-452 b,Kepler-452,5757.0,1.11,1.037,0.21,G Warm Superterran,3.29,1.63,1.10901298442302,295.2294508896408,384.843,1799.49071412,6.0,0.826718498030897
Kepler-452 b,Kepler-452,5578.0,0.794,0.87,-0.24,G Warm Superterran,3.29,1.63,1.10901298442302,295.2294508896408,384.843,1799.49071412,6.0,0.826718498030897
Kepler-452 b,Kepler-452,5579.0,0.798,0.892,-0.22,G Warm Superterran,3.29,1.63,1.10901298442302,295.2294508896408,384.843,1799.49071412,6.0,0.826718498030897
Kepler-452 b,Kepler-452,5589.0,1.108,0.96,0.017,G Warm Superterran,3.29,1.63,1.10901298442302,295.2294508896408,384.843,1799.49071412,6.0,0.826718498030897
Kepler-452 b,Kepler-452,5728.0,1.11914,1.022,0.18,G Warm Superterran,3.29,1.63,1.10901298442302,295.2294508896408,384.843,1799.49071412,6.0,0.826718498030897
Kepler-452 b,Kepler-452,5892.0,1.06,1.03,0.0,G Warm Superterran,3.29,1.63,1.10901298442302,295.2294508896408,384.843,1799.49071412,6.0,0.826718498030897
Kepler-62 e,Kepler-62,4925.0,0.64,0.69,-0.37,K Warm Superterran,36.0,1.61,1.151182688230355,297.9967883561896,122.3874,981.31860344,7.0,0.8274275395032329
Kepler-62 e,Kepler-62,4842.0,0.730697,0.79,-0.33,K Warm Superterran,36.0,1.61,1.151182688230355,297.9967883561896,122.3874,981.31860344,7.0,0.8274275395032329
Kepler-62 e,Kepler-62,4967.0,0.67,0.72,-0.36,K Warm Superterran,36.0,1.61,1.151182688230355,297.9967883561896,122.3874,981.31860344,7.0,0.8274275395032329
Kepler-62 e,Kepler-62,5589.0,0.9583,0.697,0.017,K Warm Superterran,36.0,1.61,1.151182688230355,297.9967883561896,122.3874,981.31860344,7.0,0.8274275395032329
Kepler-62 e,Kepler-62,4807.0,0.601,0.646,0.017,K Warm Superterran,36.0,1.61,1.151182688230355,297.9967883561896,122.3874,981.31860344,7.0,0.8274275395032329
Kepler-62 e,Kepler-62,4797.0,0.653,0.637,-0.46,K Warm Superterran,36.0,1.61,1.151182688230355,297.9967883561896,122.3874,981.31860344,7.0,0.8274275395032329
Kepler-62 e,Kepler-62,4842.0,0.730697,0.79,-0.33,K Warm Superterran,36.0,1.61,1.151182688230355,297.9967883561896,122.3874,981.31860344,7.0,0.8274275395032329
Kepler-62 e,Kepler-62,4859.0,0.711,0.96,0.017,K Warm Superterran,36.0,1.61,1.151182688230355,297.9967883561896,122.3874,981.31860344,7.0,0.8274275395032329
Kepler-62 e,Kepler-62,5062.0,0.66,0.764,0.017,K Warm Superterran,36.0,1.61,1.151182688230355,297.9967883561896,122.3874,981.31860344,7.0,0.8274275395032329
Kepler-62 e,Kepler-62,4926.0,0.662,0.727,-0.36,K Warm Superterran,36.0,1.61,1.151182688230355,297.9967883561896,122.3874,981.31860344,7.0,0.8274275395032329
Kepler-62 e,Kepler-62,4842.0,0.730697,0.79,-0.33,K Warm Superterran,36.0,1.61,1.151182688230355,297.9967883561896,122.3874,981.31860344,7.0,0.8274275395032329
Kepler-62 e,Kepler-62,4859.0,0.707,0.697,-0.34,K Warm Superterran,36.0,1.61,1.151182688230355,297.9967883561896,122.3874,981.31860344,7.0,0.8274275395032329
Kepler-62 f,Kepler-62,4797.0,0.653,0.637,-0.46,K Warm Terran,35.0,1.41,0.4071468803825863,229.8070241269592,267.291,981.31860344,7.0,0.6787140844078122
Kepler-62 f,Kepler-62,4926.0,0.662,0.727,-0.36,K Warm Terran,35.0,1.41,0.4071468803825863,229.8070241269592,267.291,981.31860344,7.0,0.6787140844078122
Kepler-62 f,Kepler-62,4859.0,0.711,0.96,0.017,K Warm Terran,35.0,1.41,0.4071468803825863,229.8070241269592,267.291,981.31860344,7.0,0.6787140844078122
Kepler-62 f,Kepler-62,4859.0,0.707,0.697,-0.34,K Warm Terran,35.0,1.41,0.4071468803825863,229.8070241269592,267.291,981.31860344,7.0,0.6787140844078122
Kepler-62 f,Kepler-62,4967.0,0.67,0.72,-0.36,K Warm Terran,35.0,1.41,0.4071468803825863,229.8070241269592,267.291,981.31860344,7.0,0.6787140844078122
Kepler-62 f,Kepler-62,5589.0,0.9583,0.697,0.017,K Warm Terran,35.0,1.41,0.4071468803825863,229.8070241269592,267.291,981.31860344,7.0,0.6787140844078122
Kepler-62 f,Kepler-62,4842.0,0.730697,0.79,-0.33,K Warm Terran,35.0,1.41,0.4071468803825863,229.8070241269592,267.291,981.31860344,7.0,0.6787140844078122
Kepler-62 f,Kepler-62,5062.0,0.66,0.764,0.017,K Warm Terran,35.0,1.41,0.4071468803825863,229.8070241269592,267.291,981.31860344,7.0,0.6787140844078122
Kepler-62 f,Kepler-62,4842.0,0.730697,0.79,-0.33,K Warm Terran,35.0,1.41,0.4071468803825863,229.8070241269592,267.291,981.31860344,7.0,0.6787140844078122
Kepler-62 f,Kepler-62,4925.0,0.64,0.69,-0.37,K Warm Terran,35.0,1.41,0.4071468803825863,229.8070241269592,267.291,981.31860344,7.0,0.6787140844078122
Kepler-705 b,Kepler-705,3593.0,0.47,0.49,0.16,M Warm Superterran,5.1,2.11,0.7656389697854677,269.1110486603185,56.0560538,903.0639943599998,3.89,0.7307367120077792
Kepler-705 b,Kepler-705,5589.0,0.9583,0.96,0.017,M Warm Superterran,5.1,2.11,0.7656389697854677,269.1110486603185,56.0560538,903.0639943599998,3.89,0.7307367120077792
Kepler-705 b,Kepler-705,3674.0,0.502,0.534,0.21,M Warm Superterran,5.1,2.11,0.7656389697854677,269.1110486603185,56.0560538,903.0639943599998,3.89,0.7307367120077792
Kepler-705 b,Kepler-705,3893.0,0.503,0.52,0.017,M Warm Superterran,5.1,2.11,0.7656389697854677,269.1110486603185,56.0560538,903.0639943599998,3.89,0.7307367120077792
Kepler-705 b,Kepler-705,3593.0,0.491,0.503,0.26,M Warm Superterran,5.1,2.11,0.7656389697854677,269.1110486603185,56.0560538,903.0639943599998,3.89,0.7307367120077792
Kepler-705 b,Kepler-705,3631.0,0.553555,0.548441,0.017,M Warm Superterran,5.1,2.11,0.7656389697854677,269.1110486603185,56.0560538,903.0639943599998,3.89,0.7307367120077792
Kepler-705 b,Kepler-705,3631.0,0.553555,0.548441,0.017,M Warm Superterran,5.1,2.11,0.7656389697854677,269.1110486603185,56.0560538,903.0639943599998,3.89,0.7307367120077792
Kepler-705 b,Kepler-705,3631.0,0.553555,0.548441,0.017,M Warm Superterran,5.1,2.11,0.7656389697854677,269.1110486603185,56.0560538,903.0639943599998,3.89,0.7307367120077792
Kepler-705 b,Kepler-705,3722.0,0.51,0.53,0.07,M Warm Superterran,5.1,2.11,0.7656389697854677,269.1110486603185,56.0560538,903.0639943599998,3.89,0.7307367120077792
Kepler-705 b,Kepler-705,3593.0,0.559,0.96,0.017,M Warm Superterran,5.1,2.11,0.7656389697854677,269.1110486603185,56.0560538,903.0639943599998,3.89,0.7307367120077792
LHS 1140 b,LHS 1140,3131.0,0.186,0.146,-0.24,M Warm Superterran,5.6,1.73,0.4252257972722254,232.2361055269197,24.73723,48.878064316,5.0,0.6578433889794666
LHS 1140 b,LHS 1140,3096.0,0.2159,0.1844,-0.15,M Warm Superterran,5.6,1.73,0.4252257972722254,232.2361055269197,24.73723,48.878064316,5.0,0.6578433889794666
LHS 1140 b,LHS 1140,3131.0,0.215535,0.96,0.017,M Warm Superterran,5.6,1.73,0.4252257972722254,232.2361055269197,24.73723,48.878064316,5.0,0.6578433889794666
LHS 1140 b,LHS 1140,2988.0,0.2134,0.191,-0.262,M Warm Superterran,5.6,1.73,0.4252257972722254,232.2361055269197,24.73723,48.878064316,5.0,0.6578433889794666
LHS 1140 b,LHS 1140,3216.0,0.2139,0.179,-0.24,M Warm Superterran,5.6,1.73,0.4252257972722254,232.2361055269197,24.73723,48.878064316,5.0,0.6578433889794666
LHS 1140 b,LHS 1140,3131.0,0.186,0.146,-0.24,M Warm Superterran,5.6,1.73,0.4252257972722254,232.2361055269197,24.73723,48.878064316,5.0,0.6578433889794666
LP 890-9 c,LP 890-9,2850.0,0.1556,0.118,-0.028,M Warm Terran,25.3,1.367,0.9085761668189248,280.876791941365,8.457463,105.771738488,7.2,0.8852510892201346
Proxima Cen b,Proxima Cen,3050.0,0.141,0.12,0.017,M Warm Terran,1.07,1.03,0.6784682362017355,261.0810336683397,11.1868,4.2439092564,4.0,0.86414229331664
Proxima Cen b,Proxima Cen,2900.0,0.141,0.1221,0.017,M Warm Terran,1.07,1.03,0.6784682362017355,261.0810336683397,11.1868,4.2439092564,4.0,0.86414229331664
Proxima Cen b,Proxima Cen,5589.0,0.9583,0.96,0.017,M Warm Terran,1.07,1.03,0.6784682362017355,261.0810336683397,11.1868,4.2439092564,4.0,0.86414229331664
Proxima Cen b,Proxima Cen,2900.0,0.141,0.1221,0.017,M Warm Terran,1.07,1.03,0.6784682362017355,261.0810336683397,11.1868,4.2439092564,4.0,0.86414229331664
Proxima Cen b,Proxima Cen,5589.0,0.154,0.96,0.017,M Warm Terran,1.07,1.03,0.6784682362017355,261.0810336683397,11.1868,4.2439092564,4.0,0.86414229331664
Ross 128 b,Ross 128,3192.0,0.1967,0.168,-0.02,M Warm Terran,1.4,1.11,1.482444411453575,316.6417140251464,9.8658,11.0062646824,5.0,0.8577206656471901
Ross 508 b,Ross 508,3071.0,0.2113,0.1774,-0.2,M Warm Superterran,4.0,1.83,1.320490987652004,301.8591463135429,10.77,36.563066068,4.0,0.7707707213264158
TOI-2257 b,TOI-2257,3446.0,0.326932,0.96,0.017,M Warm Superterran,5.45,2.194,0.7440171228596921,253.7007171889206,35.189346,188.489140116,4.0,0.716019791068774
TOI-2257 b,TOI-2257,3430.0,0.313,0.328,-0.27,M Warm Superterran,5.45,2.194,0.7440171228596921,253.7007171889206,35.189346,188.489140116,4.0,0.716019791068774
TOI-700 d,TOI-700,3461.0,0.424,0.415,-0.07,M Warm Terran,1.25,1.073,0.8598268771328632,276.9392586198363,37.42396,101.52094734,1.5,0.941175919741845
TOI-700 d,TOI-700,3480.0,0.42,0.416,-0.07,M Warm Terran,1.25,1.073,0.8598268771328632,276.9392586198363,37.42396,101.52094734,1.5,0.941175919741845
TOI-700 d,TOI-700,3482.0,0.419457,0.96,0.017,M Warm Terran,1.25,1.073,0.8598268771328632,276.9392586198363,37.42396,101.52094734,1.5,0.941175919741845
TOI-700 d,TOI-700,3459.0,0.421,0.415,-0.07,M Warm Terran,1.25,1.073,0.8598268771328632,276.9392586198363,37.42396,101.52094734,1.5,0.941175919741845
TOI-700 e,TOI-700,3459.0,0.421,0.415,-0.07,M Warm Terran,0.818,0.953,1.278049313841024,305.6881109516861,27.80978,101.52094734,1.5,0.9120318593055377
TOI-700 e,TOI-700,3482.0,0.419457,0.96,0.017,M Warm Terran,0.818,0.953,1.278049313841024,305.6881109516861,27.80978,101.52094734,1.5,0.9120318593055377
TOI-715 b,TOI-715,3075.0,0.24,0.225,-0.25,M Warm Terran,3.02,1.55,0.7125967138229101,264.3239251373151,19.288004,138.305799488,6.2,0.8067602540204043
TOI-715 b,TOI-715,3075.0,0.229824,0.96,0.017,M Warm Terran,3.02,1.55,0.7125967138229101,264.3239251373151,19.288004,138.305799488,6.2,0.8067602540204043
TOI-904 c,TOI-904,3992.0,0.532439,0.96,0.017,M Warm Superterran,5.34,2.167,0.524433966115432,244.820749984383,83.9997,150.322364996,1.5,0.6586031849107203
TOI-904 c,TOI-904,3770.2,0.527,0.557,0.022,M Warm Superterran,5.34,2.167,0.524433966115432,244.820749984383,83.9997,150.322364996,1.5,0.6586031849107203
TRAPPIST-1 d,TRAPPIST-1,2520.0,0.1234,0.0898,0.0535,M Warm Subterran,0.388,0.788,1.115770254052075,295.6742547863868,4.049219,40.540828114528,0.5,0.9076624106772956
TRAPPIST-1 d,TRAPPIST-1,2566.0,0.1192,0.0898,0.017,M Warm Subterran,0.388,0.788,1.115770254052075,295.6742547863868,4.049219,40.540828114528,0.5,0.9076624106772956
TRAPPIST-1 d,TRAPPIST-1,5589.0,0.9583,0.089,0.017,M Warm Subterran,0.388,0.788,1.115770254052075,295.6742547863868,4.049219,40.540828114528,0.5,0.9076624106772956
TRAPPIST-1 d,TRAPPIST-1,2559.0,0.117,0.0802,0.04,M Warm Subterran,0.388,0.788,1.115770254052075,295.6742547863868,4.049219,40.540828114528,0.5,0.9076624106772956
TRAPPIST-1 d,TRAPPIST-1,2566.0,0.1192,0.0898,0.052,M Warm Subterran,0.388,0.788,1.115770254052075,295.6742547863868,4.049219,40.540828114528,0.5,0.9076624106772956
TRAPPIST-1 e,TRAPPIST-1,2559.0,0.117,0.0802,0.04,M Warm Terran,0.692,0.92,0.64677601656722,257.9953507861015,6.101013,40.540828114528,0.5,0.8454945115261311
TRAPPIST-1 e,TRAPPIST-1,5589.0,0.9583,0.96,0.017,M Warm Terran,0.692,0.92,0.64677601656722,257.9953507861015,6.101013,40.540828114528,0.5,0.8454945115261311
TRAPPIST-1 e,TRAPPIST-1,2520.0,0.1234,0.0898,0.0535,M Warm Terran,0.692,0.92,0.64677601656722,257.9953507861015,6.101013,40.540828114528,0.5,0.8454945115261311
TRAPPIST-1 e,TRAPPIST-1,2566.0,0.1192,0.0898,0.017,M Warm Terran,0.692,0.92,0.64677601656722,257.9953507861015,6.101013,40.540828114528,0.5,0.8454945115261311
TRAPPIST-1 e,TRAPPIST-1,5589.0,0.9583,0.089,0.017,M Warm Terran,0.692,0.92,0.64677601656722,257.9953507861015,6.101013,40.540828114528,0.5,0.8454945115261311
TRAPPIST-1 f,TRAPPIST-1,2559.0,0.117,0.0802,0.04,M Warm Terran,1.039,1.045,0.3735306114175542,224.9048458455353,9.20754,40.540828114528,0.5,0.677112405586451
TRAPPIST-1 f,TRAPPIST-1,5589.0,0.9583,0.089,0.017,M Warm Terran,1.039,1.045,0.3735306114175542,224.9048458455353,9.20754,40.540828114528,0.5,0.677112405586451
TRAPPIST-1 f,TRAPPIST-1,5589.0,0.9583,0.96,0.017,M Warm Terran,1.039,1.045,0.3735306114175542,224.9048458455353,9.20754,40.540828114528,0.5,0.677112405586451
TRAPPIST-1 f,TRAPPIST-1,2566.0,0.1192,0.0898,0.017,M Warm Terran,1.039,1.045,0.3735306114175542,224.9048458455353,9.20754,40.540828114528,0.5,0.677112405586451
TRAPPIST-1 f,TRAPPIST-1,2520.0,0.1234,0.0898,0.0535,M Warm Terran,1.039,1.045,0.3735306114175542,224.9048458455353,9.20754,40.540828114528,0.5,0.677112405586451
TRAPPIST-1 g,TRAPPIST-1,5589.0,0.9583,0.089,0.017,M Warm Terran,1.321,1.129,0.2523205507303448,203.8981684656817,12.352446,40.540828114528,0.5,0.5756638207235474
TRAPPIST-1 g,TRAPPIST-1,2520.0,0.1234,0.0898,0.0535,M Warm Terran,1.321,1.129,0.2523205507303448,203.8981684656817,12.352446,40.540828114528,0.5,0.5756638207235474
TRAPPIST-1 g,TRAPPIST-1,2566.0,0.1192,0.0898,0.017,M Warm Terran,1.321,1.129,0.2523205507303448,203.8981684656817,12.352446,40.540828114528,0.5,0.5756638207235474
TRAPPIST-1 g,TRAPPIST-1,2559.0,0.117,0.0802,0.04,M Warm Terran,1.321,1.129,0.2523205507303448,203.8981684656817,12.352446,40.540828114528,0.5,0.5756638207235474
Teegarden's Star b,Teegarden's Star,2904.0,0.107,0.089,-0.19,M Warm Terran,1.16,1.05,1.077943485815514,293.0901371164898,4.90634,12.4943188168,8.0,0.9683623820823888
Teegarden's Star b,Teegarden's Star,3034.0,0.12,0.097,-0.11,M Warm Terran,1.16,1.05,1.077943485815514,293.0901371164898,4.90634,12.4943188168,8.0,0.9683623820823888
Teegarden's Star c,Teegarden's Star,3034.0,0.12,0.097,-0.11,M Warm Terran,1.05,1.02,0.3494016250358681,221.1191594435956,11.416,12.4943188168,8.0,0.6590047778475818
Teegarden's Star c,Teegarden's Star,2904.0,0.107,0.089,-0.19,M Warm Terran,1.05,1.02,0.3494016250358681,221.1191594435956,11.416,12.4943188168,8.0,0.6590047778475818
Wolf 1061 c,Wolf 1061,3393.0,0.9583,0.25,0.017,M Warm Superterran,3.41,1.66,1.296771609955153,306.3028383143694,17.8719,14.0440164352,4.0,0.8021875230716463
Wolf 1061 c,Wolf 1061,3342.0,0.307,0.294,-0.09,M Warm Superterran,3.41,1.66,1.296771609955153,306.3028383143694,17.8719,14.0440164352,4.0,0.8021875230716463
Wolf 1069 b,Wolf 1069,3158.0,0.1813,0.167,0.07,M Warm Terran,1.26,1.08,0.6520208053869847,258.5180578097902,15.564,31.2568667196,4.0,0.8485934799055707
